,peak0_accuracy,peak0_freqency,peak0_prominence,peak0_width,peak0_width_height,peak1_accuracy,peak1_freqency,peak1_prominence,peak1_width,peak1_width_height,peak2_accuracy,peak2_freqency,peak2_prominence,peak2_width,peak2_width_height,primary_label
0,1.0,3953.125,6.395988160054591,11.811581731982699,3.2415733888657217,0.6230258987028376,3296.875,3.116118737765583,2.6527021261116204,3.7074286245489994,0.6453736268018382,3765.625,2.3572149613368167,2.819869235842788,3.6477977421741716,runwre1
1,0.10382715949183917,4062.5,6.653353175585088,32.35982914139197,3.3440737329521464,0.21403063355203045,3000.0,1.8683601435774533,16.54008483657688,2.4969094668397376,0.5551854113318679,1812.5,1.6945109645111165,6.7443831124843,1.492455550918673,runwre1
2,0.10460601621562272,1734.375,5.499706794339943,37.97211128926644,2.7826998177998328,0.10705565742198664,2921.875,2.7981559686231714,38.07628132996379,2.8723260183834998,0.5432895376225457,1187.5,1.2411109270809844,6.568713106293174,0.9908053350805492,runwre1
3,0.06270895199492088,2078.125,4.4123046538132975,57.61284087256894,2.536656993440729,,,,,,0.7168915102882345,2234.375,1.039699178399336,3.532214809305458,4.10477720291486,runwre1
4,0.7613689172530634,3828.125,3.793260107524665,33.52455140340555,2.2486970705139493,,,,,,,,,,,runwre1
5,,,,,,0.967015482680318,3890.625,1.4427436199192576,30.317254313838163,2.198547643205999,,,,,,runwre1
6,0.14609120307809784,2859.375,6.238829361398753,26.93496083294661,3.1872858765956606,0.5585122949782071,3062.5,2.28027284893726,2.2650687405907206,4.706286162655036,0.6034186091270276,3234.375,2.231692929316589,2.52155048878808,4.169442104222915,runwre1
7,0.4976185951678685,3640.625,5.0284697265080975,11.943117205950074,2.5924375444337744,,,,,,0.6496539718715445,3781.25,2.2822949089093467,5.708641855265143,3.5306770034837367,runwre1
8,0.09420228459245428,2031.25,3.5211707243539023,39.74397306114039,2.2369257897340384,0.4581911418764605,1328.125,2.231814498910651,7.382677377873263,2.7506647796531487,0.06369975756898283,62.5,1.805325326252336,1.0680334733264538,6.409641590946988,runwre1
