,peak0_accuracy,peak0_freqency,peak0_prominence,peak0_width,peak0_width_height,primary_label,peak2_accuracy,peak2_freqency,peak2_prominence,peak2_width,peak2_width_height,peak1_accuracy,peak1_freqency,peak1_prominence,peak1_width,peak1_width_height
0,0.7790011216898327,109.375,8.640571379585056,9.049819688193356,4.9087510747207,stvhum2,,,,,,,,,,
1,0.3943909171174915,62.5,5.1442852277627145,9.907381130153944,3.5688522982705027,stvhum2,,,,,,,,,,
2,0.10381960473819818,1859.375,6.670453378506254,36.82294343245445,4.131452315492428,stvhum2,0.7280407971008498,3875.0,1.7466557778730971,3.677022102358592,3.4070418611650566,,,,,
3,0.5468808468122337,375.0,6.484052945853906,4.4138500567227785,3.5295966699462635,stvhum2,,,,,,0.14597146909226322,4093.75,5.026757433518834,19.905658165694888,3.3496624630828267
4,0.5191065452314667,359.375,5.841257082032497,33.27140313793877,3.6361917318079913,stvhum2,,,,,,,,,,
5,,,,,,stvhum2,,,,,,,,,,
6,,,,,,stvhum2,,,,,,,,,,
7,0.7204335108767944,109.375,6.538787000771038,7.15393324240158,7.5362573563381385,stvhum2,0.8834005877935829,546.875,0.4918874247020162,8.576372565495358,2.007742538777925,,,,,
