primary_label,filename,mean,variance,skewness,kurtosis,mode,gmean,hmean
grhcha1,XC137707.ogg,1611.4013671875,402.38795609309756,-1.0640947115777464,3.935880005262927,1604.2236328125,1611.2795646969223,1611.1566113177248,
grhcha1,XC137708.ogg,1441.5283203125,4921.662947710823,1.3912131644952919,2.0571685645126063,1367.3583984375,1439.9793357448384,1438.4900139887984,
grhcha1,XC148073.ogg,,
grhcha1,XC148291.ogg,2797.0629315043607,257035.7161344484,-0.341550724822969,-0.8829132858730495,2810.0830078125,2749.0048002579633,2698.02128633726,
grhcha1,XC166432.ogg,1245.69580078125,722103.7965416908,0.7708513243702375,-1.2189260362643382,452.197265625,1022.1424509829972,860.8737779951007,
grhcha1,XC17192.ogg,,
grhcha1,XC178189.ogg,,
grhcha1,XC193076.ogg,1780.7958984375,86688.07053565979,1.523521735048342,1.30394036753838,1711.8896484375,1760.891750799981,1743.4755404509472,
grhcha1,XC199021.ogg,2191.6015625,1597.1159934997559,0.7304427667334545,-0.6250447125390215,2174.853515625,2191.2802995986667,2190.9616660218594,
grhcha1,XC199022.ogg,1891.4961381392045,824292.7576466041,-0.9165769389827251,-1.08610432827707,2487.0849609375,1546.000022195489,1132.4569900064498,
grhcha1,XC253661.ogg,7.177734375,60.719847679138184,0.5634097118269409,-0.830578512396694,0.0,0.0,0.0,
grhcha1,XC331639.ogg,1795.6298828125,54571.66545531329,1.2226470659080275,0.4055869081030843,1690.3564453125,1782.4718501210173,1770.430516879072,
grhcha1,XC337395.ogg,,
grhcha1,XC343001.ogg,2176.776123046875,6612.17674612999,-4.440168618348601,19.5943551058367,2185.6201171875,2175.1270340598,2173.266507376784,
grhcha1,XC378541.ogg,,
grhcha1,XC378543.ogg,,
grhcha1,XC402162.ogg,,
grhcha1,XC453807.ogg,,
grhcha1,XC489549.ogg,,
grhcha1,XC500141.ogg,1645.49560546875,390.26302099227905,-0.7999704935153577,-1.239290265660229,1658.056640625,1645.3961992538702,1645.2962123117072,
grhcha1,XC572877.ogg,1478.7254333496094,366756.0449615121,-1.6292584815607885,0.8970205186769618,1744.189453125,1176.744254389856,686.6327117248735,
grhcha1,XC603994.ogg,728.2137784090909,54442.21833619204,0.4180966871860291,-1.2226961941242058,710.595703125,695.296798582193,664.5892785500315,
