primary_label,filename,mean,variance,skewness,kurtosis,mode,gmean,hmean
heptan,XC155602.ogg,,
heptan,XC155707.ogg,3909.7313133445946,569791.4949542766,-1.4975466510257802,0.9699456942576759,2185.6201171875,3818.6090295436184,3703.33928540194,
heptan,XC176451.ogg,,
heptan,XC191755.ogg,,
heptan,XC19962.ogg,711.5319293478261,2070462.086071139,2.5311332355767786,5.829678328203254,139.9658203125,215.07349012959853,139.30713774440136,
heptan,XC255962.ogg,2738.0813598632812,1927.648164331913,1.3328183676165606,0.9899955933172362,2691.650390625,2737.755770508685,2737.4345425513475,
heptan,XC385320.ogg,18.16864013671875,273.86031299829483,2.7059678731959846,7.275029627763315,10.7666015625,0.0,0.0,
heptan,XC387975.ogg,,
heptan,XC399510.ogg,2612.640099158654,1380387.3903355917,-1.5959816516701546,0.8083984222643679,86.1328125,1697.8834203735705,444.8726458548404,
heptan,XC420597.ogg,,
heptan,XC422751.ogg,,
heptan,XC424205.ogg,,
heptan,XC437816.ogg,,
heptan,XC52104.ogg,2850.99609375,4486.092746257782,0.4828790593321932,-1.6390341125333014,2799.31640625,2850.3708266797903,2849.74985561966,
heptan,XC52105.ogg,3292.5613403320312,1730931.9348111749,0.8069737525909217,-1.343162250277957,2368.65234375,3081.8862793544076,2916.6841352309493,
heptan,XC551877.ogg,,
heptan,XC551879.ogg,,
heptan,XC551880.ogg,,
heptan,XC572736.ogg,,
heptan,XC616311.ogg,3874.951171875,1129381.4388513565,0.6383550458841344,-1.5022636331897097,5297.16796875,3747.875790160689,3636.3669672819665,
heptan,XC617017.ogg,43.06640625,285.93528270721436,0.6822253770318392,0.06829802775748783,43.06640625,39.95036309131417,36.97247852927602,
heptan,XC617019.ogg,4311.2548828125,51192.35157966614,-1.835340008141527,1.6934353052532556,4425.0732421875,4305.8358056866,4300.07121875227,
