primary_label,filename,mean,variance,skewness,kurtosis,mode,gmean,hmean
runwre1,XC489362.ogg,3809.4193892045455,106804.2047999122,-0.9589619669930588,-0.9871887293613182,3951.3427734375,3795.93779424086,3781.743960253543,
runwre1,XC489364.ogg,4025.63232421875,1170.7890629768372,-0.10114569458240154,-1.3268924252161192,4015.9423828125,4025.5013729383154,4025.370348989673,
runwre1,XC489365.ogg,1737.01171875,202.85949110984802,-0.305441419328485,-0.7653061224489797,1733.4228515625,1736.9597292327642,1736.9076557020992,
runwre1,XC520398.ogg,3204.5490133351295,1429890.75630146,0.5727708098781911,-1.5196914559191033,4758.837890625,3004.48536667884,2835.5248952186553,
runwre1,XC540006.ogg,4690.2008056640625,860115.0423288345,0.687247563530132,-0.4559104057518528,3811.376953125,4605.209201495875,4526.003935154438,
runwre1,XC585397.ogg,6170.159912109375,122203.21514505021,-0.06037646614928064,-1.0909996899326015,5867.7978515625,6160.419592166415,6150.643796156097,
runwre1,XC585398.ogg,3008.90625,16914.151224596746,0.535172931570347,-0.9319883747241944,3068.4814453125,3006.226757347289,3003.58588544606,
runwre1,XC585399.ogg,3641.595928485577,3693.083043281848,0.4004210470692345,-1.0405164993988125,3639.111328125,3641.1297808849445,3640.6655821456916,
runwre1,XC615393.ogg,85.05615234375,1763.2675766944885,-0.809270921761791,-1.2195675825075865,107.666015625,70.4431588496246,53.37473984414122,
