,peak0_accuracy,peak0_freqency,peak0_prominence,peak0_width,peak0_width_height,peak1_accuracy,peak1_freqency,peak1_prominence,peak1_width,peak1_width_height,peak2_accuracy,peak2_freqency,peak2_prominence,peak2_width,peak2_width_height,primary_label
0,0.22223240831558205,3078.125,5.690114733399327,30.857546980098505,2.9207477602227767,0.4681397973720378,140.625,2.7943443398393355,3.7603866394173617,1.7296699118870658,0.11681579757091964,1937.5,1.7520172685985533,26.04213247558275,2.0887433658710384,crfpar
1,0.12764113211261707,2921.875,4.530371468982437,76.803254332997,2.334799565974776,0.6635972056906528,3593.75,1.3136541887747701,5.9452538261642776,3.3477905345346475,0.6319312852217785,2328.125,0.9366353634939688,5.4337679886895405,2.1090306320091687,crfpar
2,0.5565924777712583,93.75,8.877459157073151,2.255261694645152,6.104357261936202,0.9514523550817856,8312.5,3.854692941553554,20.598321539276405,2.383332659656636,0.3193137713820575,1578.125,2.4808373025071413,27.91300778712298,2.900479639389636,crfpar
3,0.6380174028817887,93.75,11.487089280686455,8.287691242295553,7.152192566371844,0.3631683345699256,187.5,1.0057377538013954,1.5702736755790332,8.076422577556487,0.22447187618373232,3250.0,0.9240576733569468,14.183882778964234,0.9461003767905152,crfpar
4,0.6434822926120771,2890.625,10.893783767728578,2.8049097682318243,5.584947776438186,0.4932857985118672,6984.375,3.9285325174588,5.920497178072993,3.052124166272959,0.7603712998500438,5125.0,3.4648884936805864,8.346245665683737,2.958011585956452,crfpar
5,0.5677759559274176,546.875,7.2952805916604735,2.3136149265959682,3.6850517516632726,0.08423998521750653,1781.25,3.5593078630007904,37.12763109456739,2.7474405992095323,0.2547420668539649,7890.625,3.5216291274416287,14.759990482173805,1.9705853800885589,crfpar
6,0.03758114219384523,2296.875,4.466720620568188,83.12389075829307,2.303332901246056,0.5415349943691026,187.5,3.951460762802157,2.1811915581733263,2.3429597796734436,0.4871950904615042,546.875,2.383803429200209,1.950059333285168,1.96252130071446,crfpar
7,0.5013477749238561,140.625,9.971111860355254,10.02702835475466,5.362599214455875,0.3659159557862871,2921.875,2.12582045032013,15.770780058659826,1.6569761841194153,0.5582605010557099,421.875,0.5639168883682146,2.2637776390607875,1.6872537142239792,crfpar
