,peak0_accuracy,peak0_freqency,peak0_prominence,peak0_width,peak0_width_height,primary_label,peak3_accuracy,peak3_freqency,peak3_prominence,peak3_width,peak3_width_height,peak4_accuracy,peak4_freqency,peak4_prominence,peak4_width,peak4_width_height,peak2_accuracy,peak2_freqency,peak2_prominence,peak2_width,peak2_width_height,peak1_accuracy,peak1_freqency,peak1_prominence,peak1_width,peak1_width_height
0,0.7790011216898327,109.375,8.640571379585056,9.049819688193356,4.9087510747207,stvhum2,,,,,,,,,,,,,,,,,,,,
1,0.3943909171174915,62.5,5.1442852277627145,9.907381130153944,3.5688522982705027,stvhum2,0.2665678253538041,421.875,2.045604238480464,13.634525925759869,4.390955670006003,0.7958317179331768,1031.25,1.32925823734479,4.897920430523605,3.217692206852873,,,,,,,,,,
2,0.10381960473819818,1859.375,6.670453378506254,36.82294343245445,4.131452315492428,stvhum2,,,,,,1.0,2640.625,0.7000493454713417,3.232191491752332,3.420949176939746,0.7280407971008498,3875.0,1.7466557778730971,3.6770221023585914,3.4070418611650566,,,,,
3,0.5468808468122337,375.0,6.484052945853906,4.4138500567227785,3.5295966699462635,stvhum2,0.6960536663414201,468.75,2.8952362098323112,3.2900544907486555,3.315720421697673,0.2810720036353049,2031.25,2.379739689291717,13.909598806230436,2.0663671293850703,,,,,,0.14597146909226322,4093.75,5.026757433518834,19.905658165694888,3.3496624630828267
4,0.5191065452314667,359.375,5.841257082032497,33.27140313793877,3.6361917318079913,stvhum2,,,,,,,,,,,,,,,,,,,,
5,,,,,,stvhum2,,,,,,,,,,,,,,,,,,,,
6,,,,,,stvhum2,,,,,,,,,,,,,,,,,,,,
7,0.7204335108767944,109.375,6.538787000771038,7.15393324240158,7.536257356338139,stvhum2,0.4983221972485783,1437.5,0.2847417843173262,1.9933112338547967,0.7264853539855359,,,,,,0.8834005877935829,546.875,0.4918874247020162,8.576372565495358,2.007742538777925,,,,,
